<?xml version="1.0"?>
<Profile xmlns:xsi="http://www.w3.org/2001/XMLSchema-instance" xmlns:xsd="http://www.w3.org/2001/XMLSchema" Active="true" Name="Beam NG Drive" TelemetryProvider="bng" OverallIntensity="30">
  <Author>PEZZALUCIFER</Author>
  <Version>v1.0</Version>
  <Info>Base profile for Beam NG Drive</Info>
  <BannerImage>img\banner_bng.png</BannerImage>
  <ControllerConfigList>
    <ControllerConfig Id="1" Type="SFX" SmoothingEnabled="true" Smoothness="0" Intensity="100" Acceleration="100" MinSpeed="17" MaxSpeed="100" />
  </ControllerConfigList>
  <FeedbackEffectList>
    <FeedbackEffect Type="SimFeedback.motion.HeaveMotionFeedbackEffect">
      <linearInterpolation>true</linearInterpolation>
      <name>Heave</name>
      <telemetryName>Heave</telemetryName>
      <intervalValueY1>5</intervalValueY1>
      <minValueY1>-25</minValueY1>
      <maxValueY1>25</maxValueY1>
      <intervalValueX>1</intervalValueX>
      <minValueX>-10</minValueX>
      <maxValueX>10</maxValueX>
      <enabled>true</enabled>
      <mute>false</mute>
      <smoothing>5</smoothing>
      <controller-id>1</controller-id>
      <intensity>1</intensity>
      <ConfigDataSet>
        <xs:schema id="DataSet" xmlns="" xmlns:xs="http://www.w3.org/2001/XMLSchema" xmlns:msdata="urn:schemas-microsoft-com:xml-msdata">
          <xs:element name="DataSet" msdata:IsDataSet="true" msdata:Locale="en-AU">
            <xs:complexType>
              <xs:choice minOccurs="0" maxOccurs="unbounded">
                <xs:element name="Volume" msdata:Locale="en-AU">
                  <xs:complexType>
                    <xs:sequence>
                      <xs:element name="X" type="xs:double" minOccurs="0" />
                      <xs:element name="Y" type="xs:double" minOccurs="0" />
                    </xs:sequence>
                  </xs:complexType>
                </xs:element>
                <xs:element name="Frequency" msdata:Locale="en-AU">
                  <xs:complexType>
                    <xs:sequence>
                      <xs:element name="X" type="xs:double" minOccurs="0" />
                      <xs:element name="Y" type="xs:double" minOccurs="0" />
                    </xs:sequence>
                  </xs:complexType>
                </xs:element>
                <xs:element name="Realtime" msdata:Locale="en-AU">
                  <xs:complexType>
                    <xs:sequence>
                      <xs:element name="X" type="xs:double" minOccurs="0" />
                      <xs:element name="Y" type="xs:double" minOccurs="0" />
                    </xs:sequence>
                  </xs:complexType>
                </xs:element>
              </xs:choice>
            </xs:complexType>
          </xs:element>
        </xs:schema>
        <diffgr:diffgram xmlns:msdata="urn:schemas-microsoft-com:xml-msdata" xmlns:diffgr="urn:schemas-microsoft-com:xml-diffgram-v1">
          <DataSet>
            <Volume diffgr:id="Volume1" msdata:rowOrder="0">
              <X>-10</X>
              <Y>0</Y>
            </Volume>
            <Volume diffgr:id="Volume2" msdata:rowOrder="1">
              <X>10</X>
              <Y>0</Y>
            </Volume>
            <Frequency diffgr:id="Frequency1" msdata:rowOrder="0">
              <X>-10</X>
              <Y>-25</Y>
            </Frequency>
            <Frequency diffgr:id="Frequency2" msdata:rowOrder="1">
              <X>10</X>
              <Y>25</Y>
            </Frequency>
            <Realtime diffgr:id="Realtime1" msdata:rowOrder="0">
              <X>-10</X>
              <Y>-25</Y>
            </Realtime>
            <Realtime diffgr:id="Realtime2" msdata:rowOrder="1">
              <X>-0.0033947859735800031</X>
              <Y>-25</Y>
            </Realtime>
          </DataSet>
        </diffgr:diffgram>
      </ConfigDataSet>
    </FeedbackEffect>
    <FeedbackEffect Type="SimFeedback.motion.RollMotionFeedbackEffect">
      <linearInterpolation>true</linearInterpolation>
      <name>Sway</name>
      <telemetryName>Sway</telemetryName>
      <intervalValueY1>5</intervalValueY1>
      <minValueY1>-25</minValueY1>
      <maxValueY1>25</maxValueY1>
      <intervalValueX>1</intervalValueX>
      <minValueX>-10</minValueX>
      <maxValueX>10</maxValueX>
      <enabled>true</enabled>
      <mute>false</mute>
      <smoothing>5</smoothing>
      <controller-id>1</controller-id>
      <intensity>1</intensity>
      <ConfigDataSet>
        <xs:schema id="DataSet" xmlns="" xmlns:xs="http://www.w3.org/2001/XMLSchema" xmlns:msdata="urn:schemas-microsoft-com:xml-msdata">
          <xs:element name="DataSet" msdata:IsDataSet="true" msdata:Locale="en-AU">
            <xs:complexType>
              <xs:choice minOccurs="0" maxOccurs="unbounded">
                <xs:element name="Volume" msdata:Locale="en-AU">
                  <xs:complexType>
                    <xs:sequence>
                      <xs:element name="X" type="xs:double" minOccurs="0" />
                      <xs:element name="Y" type="xs:double" minOccurs="0" />
                    </xs:sequence>
                  </xs:complexType>
                </xs:element>
                <xs:element name="Frequency" msdata:Locale="en-AU">
                  <xs:complexType>
                    <xs:sequence>
                      <xs:element name="X" type="xs:double" minOccurs="0" />
                      <xs:element name="Y" type="xs:double" minOccurs="0" />
                    </xs:sequence>
                  </xs:complexType>
                </xs:element>
                <xs:element name="Realtime" msdata:Locale="en-AU">
                  <xs:complexType>
                    <xs:sequence>
                      <xs:element name="X" type="xs:double" minOccurs="0" />
                      <xs:element name="Y" type="xs:double" minOccurs="0" />
                    </xs:sequence>
                  </xs:complexType>
                </xs:element>
              </xs:choice>
            </xs:complexType>
          </xs:element>
        </xs:schema>
        <diffgr:diffgram xmlns:msdata="urn:schemas-microsoft-com:xml-msdata" xmlns:diffgr="urn:schemas-microsoft-com:xml-diffgram-v1">
          <DataSet>
            <Volume diffgr:id="Volume1" msdata:rowOrder="0">
              <X>-10</X>
              <Y>0</Y>
            </Volume>
            <Volume diffgr:id="Volume2" msdata:rowOrder="1">
              <X>10</X>
              <Y>0</Y>
            </Volume>
            <Frequency diffgr:id="Frequency1" msdata:rowOrder="0">
              <X>-10</X>
              <Y>-25</Y>
            </Frequency>
            <Frequency diffgr:id="Frequency2" msdata:rowOrder="1">
              <X>10</X>
              <Y>25</Y>
            </Frequency>
            <Realtime diffgr:id="Realtime1" msdata:rowOrder="0">
              <X>-10</X>
              <Y>-25</Y>
            </Realtime>
            <Realtime diffgr:id="Realtime2" msdata:rowOrder="1">
              <X>0.0075910726645320656</X>
              <Y>-25</Y>
            </Realtime>
          </DataSet>
        </diffgr:diffgram>
      </ConfigDataSet>
    </FeedbackEffect>
    <FeedbackEffect Type="SimFeedback.motion.PitchMotionFeedbackEffect">
      <linearInterpolation>true</linearInterpolation>
      <name>Surge</name>
      <telemetryName>Surge</telemetryName>
      <intervalValueY1>5</intervalValueY1>
      <minValueY1>-25</minValueY1>
      <maxValueY1>25</maxValueY1>
      <intervalValueX>1</intervalValueX>
      <minValueX>-10</minValueX>
      <maxValueX>10</maxValueX>
      <enabled>true</enabled>
      <mute>false</mute>
      <smoothing>10</smoothing>
      <controller-id>1</controller-id>
      <intensity>2</intensity>
      <ConfigDataSet>
        <xs:schema id="DataSet" xmlns="" xmlns:xs="http://www.w3.org/2001/XMLSchema" xmlns:msdata="urn:schemas-microsoft-com:xml-msdata">
          <xs:element name="DataSet" msdata:IsDataSet="true" msdata:Locale="en-AU">
            <xs:complexType>
              <xs:choice minOccurs="0" maxOccurs="unbounded">
                <xs:element name="Volume" msdata:Locale="en-AU">
                  <xs:complexType>
                    <xs:sequence>
                      <xs:element name="X" type="xs:double" minOccurs="0" />
                      <xs:element name="Y" type="xs:double" minOccurs="0" />
                    </xs:sequence>
                  </xs:complexType>
                </xs:element>
                <xs:element name="Frequency" msdata:Locale="en-AU">
                  <xs:complexType>
                    <xs:sequence>
                      <xs:element name="X" type="xs:double" minOccurs="0" />
                      <xs:element name="Y" type="xs:double" minOccurs="0" />
                    </xs:sequence>
                  </xs:complexType>
                </xs:element>
                <xs:element name="Realtime" msdata:Locale="en-AU">
                  <xs:complexType>
                    <xs:sequence>
                      <xs:element name="X" type="xs:double" minOccurs="0" />
                      <xs:element name="Y" type="xs:double" minOccurs="0" />
                    </xs:sequence>
                  </xs:complexType>
                </xs:element>
              </xs:choice>
            </xs:complexType>
          </xs:element>
        </xs:schema>
        <diffgr:diffgram xmlns:msdata="urn:schemas-microsoft-com:xml-msdata" xmlns:diffgr="urn:schemas-microsoft-com:xml-diffgram-v1">
          <DataSet>
            <Volume diffgr:id="Volume1" msdata:rowOrder="0">
              <X>-10</X>
              <Y>0</Y>
            </Volume>
            <Volume diffgr:id="Volume2" msdata:rowOrder="1">
              <X>10</X>
              <Y>0</Y>
            </Volume>
            <Frequency diffgr:id="Frequency1" msdata:rowOrder="0">
              <X>-10</X>
              <Y>25</Y>
            </Frequency>
            <Frequency diffgr:id="Frequency2" msdata:rowOrder="1">
              <X>10</X>
              <Y>-25</Y>
            </Frequency>
            <Realtime diffgr:id="Realtime1" msdata:rowOrder="0">
              <X>-10</X>
              <Y>-25</Y>
            </Realtime>
            <Realtime diffgr:id="Realtime2" msdata:rowOrder="1">
              <X>-0.056557052290302515</X>
              <Y>-25</Y>
            </Realtime>
          </DataSet>
        </diffgr:diffgram>
      </ConfigDataSet>
    </FeedbackEffect>
    <FeedbackEffect Type="SimFeedback.motion.PitchMotionFeedbackEffect">
      <linearInterpolation>true</linearInterpolation>
      <name>Pitch</name>
      <telemetryName>PitchAngle</telemetryName>
      <intervalValueY1>5</intervalValueY1>
      <minValueY1>-25</minValueY1>
      <maxValueY1>25</maxValueY1>
      <intervalValueX>5</intervalValueX>
      <minValueX>-25</minValueX>
      <maxValueX>25</maxValueX>
      <enabled>true</enabled>
      <mute>false</mute>
      <smoothing>5</smoothing>
      <controller-id>1</controller-id>
      <intensity>2</intensity>
      <ConfigDataSet>
        <xs:schema id="DataSet" xmlns="" xmlns:xs="http://www.w3.org/2001/XMLSchema" xmlns:msdata="urn:schemas-microsoft-com:xml-msdata">
          <xs:element name="DataSet" msdata:IsDataSet="true" msdata:Locale="en-AU">
            <xs:complexType>
              <xs:choice minOccurs="0" maxOccurs="unbounded">
                <xs:element name="Volume" msdata:Locale="en-AU">
                  <xs:complexType>
                    <xs:sequence>
                      <xs:element name="X" type="xs:double" minOccurs="0" />
                      <xs:element name="Y" type="xs:double" minOccurs="0" />
                    </xs:sequence>
                  </xs:complexType>
                </xs:element>
                <xs:element name="Frequency" msdata:Locale="en-AU">
                  <xs:complexType>
                    <xs:sequence>
                      <xs:element name="X" type="xs:double" minOccurs="0" />
                      <xs:element name="Y" type="xs:double" minOccurs="0" />
                    </xs:sequence>
                  </xs:complexType>
                </xs:element>
                <xs:element name="Realtime" msdata:Locale="en-AU">
                  <xs:complexType>
                    <xs:sequence>
                      <xs:element name="X" type="xs:double" minOccurs="0" />
                      <xs:element name="Y" type="xs:double" minOccurs="0" />
                    </xs:sequence>
                  </xs:complexType>
                </xs:element>
              </xs:choice>
            </xs:complexType>
          </xs:element>
        </xs:schema>
        <diffgr:diffgram xmlns:msdata="urn:schemas-microsoft-com:xml-msdata" xmlns:diffgr="urn:schemas-microsoft-com:xml-diffgram-v1">
          <DataSet>
            <Volume diffgr:id="Volume1" msdata:rowOrder="0">
              <X>-25</X>
              <Y>0</Y>
            </Volume>
            <Volume diffgr:id="Volume2" msdata:rowOrder="1">
              <X>25</X>
              <Y>0</Y>
            </Volume>
            <Frequency diffgr:id="Frequency1" msdata:rowOrder="0">
              <X>-25</X>
              <Y>25</Y>
            </Frequency>
            <Frequency diffgr:id="Frequency2" msdata:rowOrder="1">
              <X>25</X>
              <Y>-25</Y>
            </Frequency>
          </DataSet>
        </diffgr:diffgram>
      </ConfigDataSet>
    </FeedbackEffect>
    <FeedbackEffect Type="SimFeedback.motion.RollMotionFeedbackEffect">
      <linearInterpolation>true</linearInterpolation>
      <name>Roll</name>
      <telemetryName>RollAngle</telemetryName>
      <intervalValueY1>5</intervalValueY1>
      <minValueY1>-25</minValueY1>
      <maxValueY1>25</maxValueY1>
      <intervalValueX>5</intervalValueX>
      <minValueX>-25</minValueX>
      <maxValueX>25</maxValueX>
      <enabled>true</enabled>
      <mute>false</mute>
      <smoothing>5</smoothing>
      <controller-id>1</controller-id>
      <intensity>2</intensity>
      <ConfigDataSet>
        <xs:schema id="DataSet" xmlns="" xmlns:xs="http://www.w3.org/2001/XMLSchema" xmlns:msdata="urn:schemas-microsoft-com:xml-msdata">
          <xs:element name="DataSet" msdata:IsDataSet="true" msdata:Locale="en-AU">
            <xs:complexType>
              <xs:choice minOccurs="0" maxOccurs="unbounded">
                <xs:element name="Volume" msdata:Locale="en-AU">
                  <xs:complexType>
                    <xs:sequence>
                      <xs:element name="X" type="xs:double" minOccurs="0" />
                      <xs:element name="Y" type="xs:double" minOccurs="0" />
                    </xs:sequence>
                  </xs:complexType>
                </xs:element>
                <xs:element name="Frequency" msdata:Locale="en-AU">
                  <xs:complexType>
                    <xs:sequence>
                      <xs:element name="X" type="xs:double" minOccurs="0" />
                      <xs:element name="Y" type="xs:double" minOccurs="0" />
                    </xs:sequence>
                  </xs:complexType>
                </xs:element>
                <xs:element name="Realtime" msdata:Locale="en-AU">
                  <xs:complexType>
                    <xs:sequence>
                      <xs:element name="X" type="xs:double" minOccurs="0" />
                      <xs:element name="Y" type="xs:double" minOccurs="0" />
                    </xs:sequence>
                  </xs:complexType>
                </xs:element>
              </xs:choice>
            </xs:complexType>
          </xs:element>
        </xs:schema>
        <diffgr:diffgram xmlns:msdata="urn:schemas-microsoft-com:xml-msdata" xmlns:diffgr="urn:schemas-microsoft-com:xml-diffgram-v1">
          <DataSet>
            <Volume diffgr:id="Volume1" msdata:rowOrder="0">
              <X>-25</X>
              <Y>0</Y>
            </Volume>
            <Volume diffgr:id="Volume2" msdata:rowOrder="1">
              <X>25</X>
              <Y>0</Y>
            </Volume>
            <Frequency diffgr:id="Frequency1" msdata:rowOrder="0">
              <X>-25</X>
              <Y>25</Y>
            </Frequency>
            <Frequency diffgr:id="Frequency2" msdata:rowOrder="1">
              <X>25</X>
              <Y>-25</Y>
            </Frequency>
          </DataSet>
        </diffgr:diffgram>
      </ConfigDataSet>
    </FeedbackEffect>
    <FeedbackEffect Type="SimFeedback.motion.RollMotionFeedbackEffect">
      <linearInterpolation>true</linearInterpolation>
      <name>Traction Loss</name>
      <telemetryName>SlipAngle</telemetryName>
      <intervalValueY1>5</intervalValueY1>
      <minValueY1>-25</minValueY1>
      <maxValueY1>25</maxValueY1>
      <intervalValueX>0.5</intervalValueX>
      <minValueX>-3</minValueX>
      <maxValueX>3</maxValueX>
      <enabled>true</enabled>
      <mute>false</mute>
      <smoothing>5</smoothing>
      <controller-id>1</controller-id>
      <intensity>1</intensity>
      <ConfigDataSet>
        <xs:schema id="DataSet" xmlns="" xmlns:xs="http://www.w3.org/2001/XMLSchema" xmlns:msdata="urn:schemas-microsoft-com:xml-msdata">
          <xs:element name="DataSet" msdata:IsDataSet="true" msdata:Locale="en-AU">
            <xs:complexType>
              <xs:choice minOccurs="0" maxOccurs="unbounded">
                <xs:element name="Volume" msdata:Locale="en-AU">
                  <xs:complexType>
                    <xs:sequence>
                      <xs:element name="X" type="xs:double" minOccurs="0" />
                      <xs:element name="Y" type="xs:double" minOccurs="0" />
                    </xs:sequence>
                  </xs:complexType>
                </xs:element>
                <xs:element name="Frequency" msdata:Locale="en-AU">
                  <xs:complexType>
                    <xs:sequence>
                      <xs:element name="X" type="xs:double" minOccurs="0" />
                      <xs:element name="Y" type="xs:double" minOccurs="0" />
                    </xs:sequence>
                  </xs:complexType>
                </xs:element>
                <xs:element name="Realtime" msdata:Locale="en-AU">
                  <xs:complexType>
                    <xs:sequence>
                      <xs:element name="X" type="xs:double" minOccurs="0" />
                      <xs:element name="Y" type="xs:double" minOccurs="0" />
                    </xs:sequence>
                  </xs:complexType>
                </xs:element>
              </xs:choice>
            </xs:complexType>
          </xs:element>
        </xs:schema>
        <diffgr:diffgram xmlns:msdata="urn:schemas-microsoft-com:xml-msdata" xmlns:diffgr="urn:schemas-microsoft-com:xml-diffgram-v1">
          <DataSet>
            <Volume diffgr:id="Volume1" msdata:rowOrder="0">
              <X>-2</X>
              <Y>0</Y>
            </Volume>
            <Volume diffgr:id="Volume2" msdata:rowOrder="1">
              <X>-0.889</X>
              <Y>0</Y>
            </Volume>
            <Volume diffgr:id="Volume3" msdata:rowOrder="2">
              <X>0.877</X>
              <Y>0</Y>
            </Volume>
            <Volume diffgr:id="Volume4" msdata:rowOrder="3">
              <X>2.011</X>
              <Y>0</Y>
            </Volume>
            <Frequency diffgr:id="Frequency1" msdata:rowOrder="0">
              <X>-2</X>
              <Y>-25</Y>
            </Frequency>
            <Frequency diffgr:id="Frequency2" msdata:rowOrder="1">
              <X>-0.889</X>
              <Y>0.024826753923104405</Y>
            </Frequency>
            <Frequency diffgr:id="Frequency3" msdata:rowOrder="2">
              <X>0.877</X>
              <Y>0.024826753923104405</Y>
            </Frequency>
            <Frequency diffgr:id="Frequency4" msdata:rowOrder="3">
              <X>2.011</X>
              <Y>25</Y>
            </Frequency>
            <Realtime diffgr:id="Realtime1" msdata:rowOrder="0">
              <X>-3</X>
              <Y>-25</Y>
            </Realtime>
            <Realtime diffgr:id="Realtime2" msdata:rowOrder="1">
              <X>0</X>
              <Y>-25</Y>
            </Realtime>
          </DataSet>
        </diffgr:diffgram>
      </ConfigDataSet>
    </FeedbackEffect>
  </FeedbackEffectList>
</Profile>